,csat_0/µM,ccon_0/mM,csat_2/µM,ccon_2/mM,csat_3/µM,ccon_3/mM,csat_mean/µM,csat_sd/µM,ccon_mean/mM,ccon_sd/mM
WT_pH6,49.110014285998076,6.247879394282324,48.35028177107292,6.31414252718383,49.06746211462333,6.290278038965312,48.84258605723144,0.3485448841968708,6.284099986810489,0.02740227413678708
WT_pH7,47.49347560183979,6.032629333182033,67.00602469565526,6.110076467854176,61.998506212085815,6.109674985810381,58.832668836526956,8.274530711808929,6.084126928948863,0.03641466805451493
WT,80.61151461302126,5.903636066388438,74.92100414386783,5.914242967378486,70.72821282282587,5.9165531722226214,75.42024385990499,4.050254624882365,5.911477401996515,0.005624302605321462
H25S_Clust,81.73198824643205,5.720072786211963,98.81967973842349,5.722875216979426,85.9923802470679,5.738533239370229,88.84801607730782,7.262382167837291,5.727160414187206,0.008122777399974558
H25S,84.43554614156416,5.730025791669932,94.23798145776023,5.748419057371632,93.21185464193627,5.748184863173639,90.62846074708689,4.399043649401596,5.742209904071735,0.008615998993941998
H50S_Clust,109.33574843811849,5.5699880448276256,102.52394507253027,5.55941418820639,97.07732456162077,5.600602484146066,102.97900602408986,5.014814674953804,5.576668239060027,0.0174659225701656
H50S,99.30695459561045,5.514800493503694,93.7138334209746,5.519927944634534,106.42821662007776,5.551960232495701,99.81633487888762,5.203107163875118,5.528896223544643,0.01644250731986359
