,csat_ave/µM,csat_err/µM,ccon_ave/mM,ccon_err/mM
WT,63.501278491963255,5.318451911561939,5.783530738966531,0.01318876098345342
H25S_Clust,87.88676539710511,8.51306341159039,5.5924559669450975,0.019978825260411743
H25S,81.34741976833347,7.954037514319058,5.610923900873399,0.0174267196287176
H50S_Clust,129.28973505760015,13.980286607378073,5.490908677967158,0.01452071875156512
WT pH6,55.375987513858064,4.0639829560970915,6.156277207929644,0.008339739253973154
H50S,114.55080806647842,7.2776505860718315,5.415357805271677,0.01645536744766155
WT pH7,49.46539932743844,7.573307931663638,5.970802407464917,0.012849541073991838
