,Construct,ProtConc,SaltConc,csat_mean,csat_std
10,WT,30,100,1.24,0.24390708613459072
11,D4,30,100,12.146666666666667,0.25937660307402916
12,WT_DHClust,30,100,14.354,1.0539614161185724
13,D4_DHClust,30,100,27.144666666666666,0.35479978704741194
14,H25S,30,100,10.515,0.16661532542556381
15,H50S,30,100,28.064000000000004,1.0709158074595158
16,H25S_Clust,30,100,2.861333333333333,0.07797577971538477
17,H50S_Clust,30,100,27.889,0.19681971445970456
18,H25Y,30,100,0.0,0.0
19,H50Y,30,100,0.0,0.0
